diagnostic,method,split,top1,top4,top8,mrr,margin,recall@20m,recall@40m,mean_localization_distance_m,median_localization_distance_m,seconds,peak_gpu_memory_bytes
full_image,Current SigLIP,val_seen,0.32211538461538464,0.6754807692307693,0.8449519230769231,0.5035986322124565,-0.01796590717481564,0.11778846153846154,0.296875,88.09325863555159,70.94309446396068,167.0077087879181,593973248
full_image,Current SigLIP,val_unseen,0.3288439955106622,0.6464646464646465,0.819304152637486,0.49776259304415854,-0.014942588912385927,0.18181818181818182,0.35241301907968575,76.91993868866044,58.296507310657155,167.0077087879181,593973248
full_image,Whole RGB SigLIP2,val_seen,0.40024038461538464,0.8762019230769231,0.9627403846153846,0.6059113517077839,-0.0062208386769182205,0.15384615384615385,0.36899038461538464,67.84937854938299,53.00122633311865,167.02927613258362,986404864
full_image,Whole RGB SigLIP2,val_unseen,0.3894500561167228,0.7272727272727273,0.8529741863075196,0.5648631828495821,-0.008211654118716697,0.25252525252525254,0.45342312008978675,61.06431065717212,44.30778593051604,167.02927613258362,986404864
full_image,Region-aware SigLIP2,val_seen,0.44711538461538464,0.6911057692307693,0.8581730769230769,0.5790087809876181,-0.007663956922793227,0.14903846153846154,0.3016826923076923,77.1206344024285,69.73731697099085,167.02927613258362,986404864
full_image,Region-aware SigLIP2,val_unseen,0.27048260381593714,0.5757575757575758,0.7239057239057239,0.4416659662192197,-0.017325464497125256,0.23120089786756454,0.4298540965207632,72.91571919922337,50.846367369972135,167.02927613258362,986404864
full_image,RSRefSeg2 Frozen,val_seen,0.37740384615384615,0.78125,0.9206730769230769,0.5685282559847653,-1.012249060536417,0.08413461538461539,0.3088942307692308,73.04437185141695,60.196692783869665,58.94630527496338,5592223232
full_image,RSRefSeg2 Frozen,val_unseen,0.3221099887766554,0.7901234567901234,0.9169472502805837,0.5416566448429363,-1.1007589508579338,0.23007856341189675,0.4567901234567901,66.61945980672373,45.471160070836106,58.94630527496338,5592223232
full_image,RSRefSeg2 Prompter,val_seen,0.5096153846153846,0.9206730769230769,0.9879807692307693,0.6947700736763237,-0.15742629704834615,0.24519230769230768,0.44591346153846156,60.533403042082035,48.34560071857162,186.93692636489868,5592223232
full_image,RSRefSeg2 Prompter,val_unseen,0.48597081930415265,0.7497194163860831,0.8316498316498316,0.6235313062933977,-0.3237668340228135,0.28170594837261503,0.5274971941638609,59.350699242713475,36.6817038482663,186.93692636489868,5592223232
full_image,RSRefSeg2 Vision-LoRA,val_seen,0.515625,0.921875,0.9891826923076923,0.6971502672674549,-0.16323465047241842,0.24639423076923078,0.4362980769230769,60.74412400898116,49.8508123339374,189.41211438179016,5592223232
full_image,RSRefSeg2 Vision-LoRA,val_unseen,0.49158249158249157,0.7373737373737373,0.8271604938271605,0.6250968285730287,-0.3337391252103059,0.2772166105499439,0.5140291806958474,60.64898371994667,38.349362495742014,189.41211438179016,5592223232
full_image,GT reference mask (oracle),val_seen,0.890625,0.9879807692307693,1.0,0.9308693910256409,5.145178369935629,0.1814903846153846,0.4110576923076923,57.483605661557476,50.55190860846187,62.90115809440613,0
full_image,GT reference mask (oracle),val_unseen,0.7328843995510662,0.9955106621773289,1.0,0.854900860456416,7.963365780673087,0.31874298540965207,0.5925925925925926,38.86142451134874,35.02687551849773,62.90115809440613,0
gt_crop,Current SigLIP crop,val_seen,0.296875,0.6694711538461539,0.8521634615384616,0.48107851467240426,-0.017665585286108627,0.1658653846153846,0.3173076923076923,70.93901234311573,63.30436779271358,167.0077087879181,593973248
gt_crop,Current SigLIP crop,val_unseen,0.2648709315375982,0.5959595959595959,0.7362514029180696,0.44308415893938496,-0.018880512140893185,0.22109988776655443,0.41301907968574636,68.08923638198564,52.01064032799625,167.0077087879181,593973248
gt_crop,SigLIP2 crop,val_seen,0.44711538461538464,0.6911057692307693,0.8581730769230769,0.5790087809876181,-0.007663956922793227,0.14903846153846154,0.3016826923076923,77.1206344024285,69.73731697099085,167.02927613258362,986404864
gt_crop,SigLIP2 crop,val_unseen,0.27048260381593714,0.5757575757575758,0.7239057239057239,0.4416659662192197,-0.017325464497125256,0.23120089786756454,0.4298540965207632,72.91571919922337,50.846367369972135,167.02927613258362,986404864
gt_crop,RSRefSeg2 Frozen crop,val_seen,0.6935096153846154,0.9038461538461539,0.9663461538461539,0.7897757278498042,0.5914469166731728,0.6935096153846154,0.6971153846153846,38.75227541545361,0.0,292.3315236568451,8697006592
gt_crop,RSRefSeg2 Frozen crop,val_unseen,0.47362514029180697,0.8372615039281706,0.9248035914702581,0.6515142369636486,-0.3786356719272096,0.48035914702581367,0.5274971941638609,50.76578259390051,31.75137254046075,292.3315236568451,8697006592
gt_crop,RSRefSeg2 Prompter crop,val_seen,0.484375,0.8197115384615384,0.9302884615384616,0.6413969367108507,-0.22395350204084613,0.49038461538461536,0.5048076923076923,57.43355617513175,34.83522877867318,295.99696683883667,8697006592
gt_crop,RSRefSeg2 Prompter crop,val_unseen,0.4264870931537598,0.7721661054994389,0.8978675645342312,0.5972963379497933,-0.24210987794697678,0.4332210998877666,0.5297418630751964,53.80551651627023,31.75137254046075,295.99696683883667,8697006592
gt_crop,RSRefSeg2 Vision-LoRA crop,val_seen,0.5132211538461539,0.8377403846153846,0.9447115384615384,0.6644104348077764,-0.1757453245109434,0.5180288461538461,0.5288461538461539,54.916357336290645,0.0,294.5345377922058,8697006592
gt_crop,RSRefSeg2 Vision-LoRA crop,val_unseen,0.43546576879910215,0.7867564534231201,0.9034792368125701,0.6101235858403962,-0.23282506940236047,0.44556677890011226,0.5364758698092031,53.34102029928183,31.75137254046075,294.5345377922058,8697006592
