threshold,episodes,sr,spl,oracle_sr,ne,stop_tp,stop_fp,stop_fn,stop_tn,stop_precision,stop_recall,stop_episode_recall,false_stop_episode_rate,false_positive_state_rate,false_stop_replaced_success,policy_stops,admissible
0.10770566725683453,2470,20.445344129554655,19.342557699223363,25.789473684210527,45.756877827599716,452,1457,1117,19188,0.23677317967522263,0.28808158062460165,0.40794223826714804,0.5898785425101215,0.07057398885928796,358,1909,False
0.18316024918267607,2470,22.63157894736842,20.94789236018674,29.554655870445345,44.17881712650941,465,1160,1776,23429,0.28615384615384615,0.2074966532797858,0.4196750902527076,0.46963562753036436,0.04717556631013868,287,1625,False
0.30447965854576725,2470,24.331983805668017,21.971432468118206,33.56275303643725,43.100535764816726,443,854,2980,27682,0.3415574402467232,0.1294186386210926,0.39981949458483756,0.345748987854251,0.029927109615923746,221,1297,False
0.4827699626254575,2470,26.477732793522268,23.26813249039007,38.016194331983804,42.21385763168078,405,519,4522,31743,0.4383116883116883,0.08220012177795818,0.3655234657039711,0.21012145748987854,0.016087037381439465,135,924,False
0.5,2470,26.477732793522268,23.248025850991304,38.21862348178138,42.16800024170713,397,502,4659,31963,0.44160177975528364,0.07852056962025317,0.3583032490974729,0.20323886639676114,0.015462806098875712,131,899,False
0.7,2470,28.421052631578945,24.057130299946326,42.18623481781377,41.481661625701186,310,262,6764,34920,0.541958041958042,0.04382244840260108,0.27978339350180503,0.10607287449392712,0.007446989938036496,58,572,False
0.7203338447854953,2470,28.380566801619434,23.94134717129985,42.42914979757085,41.46295715442006,298,245,6973,35215,0.5488029465930019,0.040984733874295146,0.26895306859205775,0.09919028340080972,0.006909193457416808,56,543,False
0.8,2470,28.947368421052634,24.05854880244246,43.40080971659919,41.305590774121505,248,157,7960,36218,0.6123456790123457,0.030214424951267055,0.22382671480144403,0.06356275303643724,0.004316151202749141,35,405,False
0.8423509760838201,2470,29.109311740890686,23.9938149689109,43.84615384615385,41.25752646655159,201,114,8639,36736,0.638095238095238,0.022737556561085972,0.18140794223826714,0.046153846153846156,0.0030936227951153324,28,315,False
0.9,2470,28.90688259109312,23.469102007558014,44.2914979757085,41.255816612074895,126,65,9564,37345,0.6596858638743456,0.013003095975232198,0.11371841155234658,0.02631578947368421,0.0017375033413525795,21,191,False
0.900070628480626,2470,28.90688259109312,23.469102007558014,44.2914979757085,41.255816612074895,126,65,9564,37345,0.6596858638743456,0.013003095975232198,0.11371841155234658,0.02631578947368421,0.0017375033413525795,21,191,False
0.9315624355612829,2470,28.987854251012145,23.353637000657095,44.37246963562753,41.2655387722738,87,45,10099,37641,0.6590909090909091,0.0085411348910269,0.07851985559566788,0.018218623481781375,0.0011940773762139786,16,132,False
0.95,2470,29.230769230769234,23.472967729122434,44.65587044534413,41.19473694820115,68,31,10383,37740,0.6868686868686869,0.0065065543967084485,0.061371841155234655,0.012550607287449392,0.0008207354848958195,10,99,False
0.9625920584779957,2470,29.19028340080972,23.363119079803145,44.65587044534413,41.187336462794505,44,26,10635,37811,0.6285714285714286,0.004120235977151419,0.039711191335740074,0.010526315789473684,0.0006871580727858974,10,70,False
0.97,2470,29.271255060728745,23.384621577215782,44.77732793522267,41.17860735914614,38,20,10766,37861,0.6551724137931034,0.003517215845982969,0.03429602888086643,0.008097165991902834,0.0005279691666006705,7,58,False
0.9786903095733775,2470,29.352226720647774,23.396967810176996,44.89878542510121,41.167781376651014,29,12,10944,37933,0.7073170731707317,0.002642850633372824,0.026173285198555957,0.004858299595141701,0.00031624719989458425,3,41,False
0.99,2470,29.352226720647774,23.30406824192283,44.93927125506073,41.16135840250581,11,3,11166,38061,0.7857142857142857,0.0009841639080254093,0.009927797833935019,0.0012145748987854252,7.881462799495586e-05,2,14,False
0.995,2470,29.352226720647774,23.272323229047533,44.93927125506073,41.15859653486923,3,2,11254,38070,0.6,0.00026650084391933906,0.002707581227436823,0.0008097165991902834,5.2532044547173775e-05,2,5,False
0.9951519253249482,2470,29.392712550607285,23.312809059007048,44.979757085020246,41.153460250280624,4,1,11254,38071,0.8,0.0003553028957186001,0.0036101083032490976,0.0004048582995951417,2.6266022273586888e-05,1,5,False
0.999,2470,29.392712550607285,23.29049010078622,44.979757085020246,41.1543330681057,0,1,11311,38071,0.0,0.0,0.0,0.0004048582995951417,2.6266022273586888e-05,1,1,False
1.01,2470,29.4331983805668,23.330562740670867,45.02024291497976,41.151234832336854,0,0,11328,38072,,0.0,0.0,0.0,0.0,0,0,False
