threshold,episodes,sr,spl,stop_TP,stop_FP,stops,precision,false_stop_episode_rate,accepted
0.0,2470,1.0121457489878543,1.0121457489878543,25,2445,2470,0.010121457489878543,0.9898785425101214,False
0.01,2470,1.45748987854251,1.4530494971003511,36,2434,2470,0.014574898785425101,0.9854251012145749,False
0.02,2470,2.874493927125506,2.847675360310872,71,2399,2470,0.02874493927125506,0.9712550607287449,False
0.03,2470,4.129554655870446,4.091616990732842,102,2368,2470,0.04129554655870445,0.9587044534412955,False
0.04,2470,5.263157894736842,5.2149829522528925,130,2340,2470,0.05263157894736842,0.9473684210526315,False
0.05,2470,6.801619433198381,6.716990739093344,168,2302,2470,0.0680161943319838,0.9319838056680162,False
0.06,2470,7.489878542510121,7.393367859538878,185,2285,2470,0.07489878542510121,0.9251012145748988,False
0.07,2470,8.137651821862347,8.028964770284897,201,2269,2470,0.08137651821862348,0.9186234817813765,False
0.08,2470,8.947368421052632,8.832901150439795,221,2249,2470,0.08947368421052632,0.9105263157894737,False
0.09,2470,9.676113360323885,9.543096387276332,239,2231,2470,0.09676113360323886,0.9032388663967611,False
0.1,2470,10.48582995951417,10.345923993472262,259,2211,2470,0.1048582995951417,0.8951417004048583,False
0.11,2470,11.133603238866396,10.969891490981896,275,2195,2470,0.11133603238866396,0.888663967611336,False
0.12,2470,11.578947368421053,11.40559667231688,286,2184,2470,0.11578947368421053,0.8842105263157894,False
0.13,2470,11.983805668016194,11.785314007021826,296,2174,2470,0.11983805668016194,0.8801619433198381,False
0.14,2470,12.348178137651821,12.14438782515064,305,2165,2470,0.12348178137651822,0.8765182186234818,False
0.15,2470,12.914979757085021,12.67796253492381,319,2151,2470,0.1291497975708502,0.8708502024291498,False
0.16,2470,13.279352226720647,13.029621149325957,328,2141,2469,0.1328473066018631,0.8668016194331983,False
0.17,2470,13.400809716599191,13.144157409245125,331,2138,2469,0.13406237343053867,0.8655870445344129,False
0.18,2470,13.603238866396762,13.338280255066753,336,2133,2469,0.13608748481166463,0.8635627530364373,False
0.19,2470,13.927125506072874,13.652845385705929,344,2125,2469,0.13932766302146618,0.8603238866396761,False
0.2,2470,14.251012145748987,13.975578120429457,352,2117,2469,0.14256784123126773,0.857085020242915,False
0.21,2470,14.37246963562753,14.09388343520316,355,2112,2467,0.1438994730441832,0.8550607287449393,False
0.22,2470,14.615384615384617,14.333828774384827,361,2105,2466,0.14639091646390917,0.8522267206477733,False
0.23,2470,14.817813765182187,14.528646271382915,366,2100,2466,0.14841849148418493,0.8502024291497976,False
0.24,2470,15.060728744939272,14.74412175770279,371,2093,2464,0.15056818181818182,0.8473684210526315,False
0.25,2470,15.182186234817813,14.871239095311406,374,2088,2462,0.15190901705930138,0.8453441295546559,False
0.26,2470,15.263157894736842,14.947782065639464,376,2083,2459,0.15290768605124033,0.8433198380566802,False
0.27,2470,15.344129554655868,15.026525504768726,378,2079,2457,0.15384615384615385,0.8417004048582996,False
0.28,2470,15.465587044534413,15.146132327797124,381,2074,2455,0.15519348268839103,0.8396761133603239,False
0.29,2470,15.708502024291498,15.38879666702634,387,2067,2454,0.15770171149144255,0.8368421052631579,False
0.3,2470,15.951417004048581,15.624909070884643,393,2059,2452,0.1602773246329527,0.8336032388663968,False
0.31,2470,16.234817813765183,15.895630223934154,399,2048,2447,0.16305680425010216,0.8291497975708502,False
0.32,2470,16.356275303643724,16.01163922608527,402,2044,2446,0.1643499591169256,0.8275303643724696,False
0.33,2470,16.599190283400812,16.250068117981545,408,2033,2441,0.1671446128635805,0.823076923076923,False
0.34,2470,16.68016194331984,16.319950521697788,410,2025,2435,0.16837782340862423,0.819838056680162,False
0.35000000000000003,2470,16.801619433198383,16.432739948026345,412,2019,2431,0.16947758124228712,0.817408906882591,False
0.36,2470,16.842105263157894,16.474498622194535,413,2016,2429,0.17002881844380405,0.8161943319838056,False
0.37,2470,17.00404858299595,16.619188841887453,415,2004,2419,0.17155849524596942,0.8113360323886639,False
0.38,2470,17.125506072874494,16.72363881561598,417,1998,2415,0.17267080745341615,0.8089068825910931,False
0.39,2470,17.28744939271255,16.884204952228256,420,1986,2406,0.1745635910224439,0.8040485829959514,False
0.4,2470,17.611336032388664,17.17153385182998,427,1971,2398,0.1780650542118432,0.7979757085020243,False
0.41000000000000003,2470,17.77327935222672,17.31595975205854,429,1953,2382,0.1801007556675063,0.7906882591093117,False
0.42,2470,18.05668016194332,17.57696084651308,436,1930,2366,0.18427726120033813,0.7813765182186235,False
0.43,2470,18.016194331983808,17.504573238509185,432,1917,2349,0.1839080459770115,0.7761133603238867,False
0.44,2470,18.178137651821864,17.64577114841928,435,1893,2328,0.18685567010309279,0.7663967611336032,False
0.45,2470,18.502024291497975,17.909034202309552,441,1869,2310,0.19090909090909092,0.7566801619433199,False
0.46,2470,18.663967611336034,18.00354170465536,441,1850,2291,0.1924923614142296,0.7489878542510121,False
0.47000000000000003,2470,19.068825910931174,18.31980882637864,446,1819,2265,0.1969094922737307,0.7364372469635627,False
0.48,2470,19.31174089068826,18.504731742610144,447,1793,2240,0.19955357142857144,0.7259109311740891,False
0.49,2470,19.35222672064777,18.515771417249834,445,1767,2212,0.2011754068716094,0.7153846153846154,False
0.5,2470,19.4331983805668,18.575817609502078,446,1747,2193,0.20337437300501596,0.7072874493927126,False
0.51,2470,19.79757085020243,18.864706281643727,447,1705,2152,0.20771375464684014,0.6902834008097166,False
0.52,2470,20.040485829959515,19.085993723078058,448,1663,2111,0.21222169587873047,0.6732793522267206,False
0.53,2470,20.445344129554655,19.407134097833765,453,1628,2081,0.21768380586256608,0.6591093117408907,False
0.54,2470,20.647773279352226,19.52062406751784,450,1592,2042,0.22037218413320275,0.6445344129554655,False
0.5406069159507751,2470,20.647773279352226,19.51805547523694,450,1592,2042,0.22037218413320275,0.6445344129554655,False
0.5425110527873039,2470,20.809716599190285,19.674536106598627,453,1584,2037,0.22238586156111928,0.6412955465587045,False
0.544238885641098,2470,21.093117408906885,19.896600288653467,458,1572,2030,0.22561576354679802,0.6364372469635627,False
0.5458972322940826,2470,21.093117408906885,19.880093048917644,455,1570,2025,0.22469135802469137,0.6356275303643725,False
0.5475283718109131,2470,21.17408906882591,19.96518571757152,456,1559,2015,0.22630272952853597,0.6311740890688259,False
0.5492529645562172,2470,21.17408906882591,19.960052245533202,453,1554,2007,0.2257100149476831,0.6291497975708502,False
0.55,2470,21.214574898785425,19.981853480604276,453,1548,2001,0.22638680659670166,0.6267206477732794,False
0.5507830548286438,2470,21.214574898785425,19.99117771967467,453,1546,1999,0.22661330665332666,0.625910931174089,False
0.5523423412442208,2470,21.25506072874494,20.021127894044955,452,1538,1990,0.2271356783919598,0.622672064777328,False
0.5540239179134369,2470,21.376518218623485,20.13330646428336,453,1530,1983,0.22844175491679275,0.6194331983805668,False
0.5557313439249992,2470,21.49797570850202,20.2262993249779,454,1522,1976,0.22975708502024292,0.6161943319838057,False
0.5575175523757935,2470,21.65991902834008,20.378600436875306,457,1518,1975,0.23139240506329115,0.6145748987854251,False
0.5590503963828087,2470,21.821862348178136,20.503433065381742,459,1506,1965,0.233587786259542,0.6097165991902834,False
0.56,2470,21.78137651821862,20.458654913913797,455,1503,1958,0.2323799795709908,0.608502024291498,False
0.5606104350090027,2470,21.74089068825911,20.41879840607818,454,1503,1957,0.23198773633111905,0.608502024291498,False
0.5622639372944832,2470,21.700404858299596,20.372028474895803,452,1497,1949,0.2319138019497178,0.6060728744939271,False
0.5639698100090027,2470,21.700404858299596,20.36429046858178,448,1492,1940,0.2309278350515464,0.6040485829959514,False
0.5655395343899727,2470,21.78137651821862,20.399874062167058,446,1486,1932,0.2308488612836439,0.6016194331983805,False
0.5670523416996002,2470,21.86234817813765,20.46891712332562,448,1477,1925,0.23272727272727273,0.5979757085020243,False
0.5685379141569138,2470,21.902834008097166,20.50904251693948,447,1467,1914,0.2335423197492163,0.5939271255060729,False
0.5700000000000001,2470,21.983805668016192,20.563792686192393,445,1456,1901,0.23408732246186217,0.5894736842105263,False
0.5700757604837418,2470,21.983805668016192,20.563711536017607,445,1456,1901,0.23408732246186217,0.5894736842105263,False
0.5715390676259995,2470,21.94331983805668,20.480638502328702,443,1448,1891,0.23426758328926495,0.5862348178137652,False
0.5729939937591553,2470,21.94331983805668,20.462913074603424,440,1441,1881,0.23391812865497075,0.5834008097165992,False
0.5745238620042801,2470,21.983805668016192,20.465760134205897,439,1435,1874,0.23425827107790823,0.5809716599190283,False
0.5759272974729538,2470,22.105263157894736,20.535352854479935,440,1422,1862,0.23630504833512353,0.5757085020242915,False
0.5773628038167954,2470,22.186234817813766,20.60010558085292,439,1409,1848,0.23755411255411255,0.5704453441295546,False
0.578863091468811,2470,22.30769230769231,20.702830194519496,441,1396,1837,0.24006532389765922,0.5651821862348179,False
0.58,2470,22.388663967611336,20.750184589628752,442,1387,1829,0.24166211044286495,0.5615384615384615,False
0.5802612826228142,2470,22.388663967611336,20.751319130876198,442,1385,1827,0.24192665571975916,0.5607287449392713,False
0.5817192471027374,2470,22.388663967611336,20.70154699441142,438,1375,1813,0.24158852730281302,0.5566801619433198,False
0.5832212245464325,2470,22.30769230769231,20.6273895648635,434,1372,1806,0.24031007751937986,0.5554655870445344,False
0.5846151113510132,2470,22.267206477732792,20.56780546953332,428,1362,1790,0.23910614525139665,0.551417004048583,False
0.586060827076435,2470,22.34817813765182,20.627944249810685,429,1349,1778,0.24128233970753657,0.5461538461538461,False
0.587500450015068,2470,22.672064777327936,20.8923025744112,434,1329,1763,0.24617129892229156,0.5380566801619433,False
0.5889247435331345,2470,22.793522267206477,20.947387902462378,433,1315,1748,0.2477116704805492,0.5323886639676113,False
0.59,2470,22.712550607287447,20.86115790103453,430,1310,1740,0.2471264367816092,0.5303643724696356,False
0.5904455494880676,2470,22.793522267206477,20.927220779964088,432,1306,1738,0.24856156501726123,0.5287449392712551,False
0.5919977322220802,2470,23.157894736842106,21.25251772228256,434,1284,1718,0.25261932479627475,0.5198380566801619,False
0.5935058552026748,2470,23.279352226720647,21.3329356053391,431,1264,1695,0.2542772861356932,0.5117408906882591,False
0.5950049981474876,2470,23.60323886639676,21.591894831107265,434,1249,1683,0.2578728461081402,0.505668016194332,False
0.5964768886566162,2470,23.522267206477732,21.49418606006513,431,1243,1674,0.2574671445639188,0.5032388663967612,False
0.5979156720638276,2470,23.643724696356276,21.570491453019525,431,1230,1661,0.25948223961468997,0.4979757085020243,False
0.5995033979415894,2470,23.684210526315788,21.601479188493215,431,1219,1650,0.26121212121212123,0.49352226720647774,False
0.6,2470,23.805668016194332,21.713595151309956,433,1214,1647,0.2629022465088039,0.491497975708502,False
0.6009431263804436,2470,24.008097165991906,21.843331681796645,433,1201,1634,0.26499388004895963,0.4862348178137652,False
0.6024951577186585,2470,24.048582995951417,21.84934187133826,433,1187,1620,0.26728395061728394,0.4805668016194332,False
0.6040460556745529,2470,23.967611336032387,21.764030732948356,429,1172,1601,0.2679575265459088,0.4744939271255061,False
0.6054853892326355,2470,24.089068825910932,21.849550671565225,427,1156,1583,0.2697409981048642,0.4680161943319838,False
0.6069173485040664,2470,24.251012145748987,21.985706742939477,428,1134,1562,0.2740076824583867,0.4591093117408907,False
0.6085467123985291,2470,24.453441295546558,22.13072348642853,429,1121,1550,0.2767741935483871,0.45384615384615384,False
0.61,2470,24.412955465587043,22.086119795998314,428,1114,1542,0.2775616083009079,0.45101214574898785,False
0.610130387544632,2470,24.534412955465587,22.187344078742637,431,1111,1542,0.2795071335927367,0.44979757085020244,False
0.6118487042188644,2470,24.534412955465587,22.191293621528544,430,1094,1524,0.2821522309711286,0.44291497975708505,False
0.6133821201324463,2470,24.736842105263158,22.348157362660658,432,1071,1503,0.2874251497005988,0.43360323886639673,False
0.6150403225421905,2470,24.898785425101213,22.470305068957774,432,1055,1487,0.2905178211163416,0.4271255060728745,False
0.6165998920798301,2470,25.182186234817816,22.670012886718848,430,1029,1459,0.29472241261137766,0.4165991902834008,False
0.6182868629693985,2470,25.384615384615383,22.831749794250943,425,1011,1436,0.29596100278551535,0.4093117408906883,False
0.6198476859927178,2470,25.506072874493928,22.947312061972394,422,990,1412,0.2988668555240793,0.4008097165991903,False
0.62,2470,25.546558704453442,22.987797891931912,423,988,1411,0.29978738483345146,0.4,False
0.6214227366447449,2470,25.506072874493928,22.946405883165326,417,977,1394,0.29913916786226685,0.39554655870445343,False
0.6229950818419456,2470,25.546558704453442,22.945438585166393,409,963,1372,0.2981049562682216,0.38987854251012144,False
0.6247131288051605,2470,25.587044534412957,22.9643510250836,407,949,1356,0.3001474926253687,0.38421052631578945,False
0.626311507821083,2470,25.951417004048583,23.280251815668727,410,934,1344,0.30505952380952384,0.3781376518218624,False
0.6280984389781952,2470,26.03238866396761,23.350591074742145,408,915,1323,0.30839002267573695,0.37044534412955465,False
0.629606224000454,2470,26.275303643724694,23.572268301515432,411,896,1307,0.31446059678653404,0.362753036437247,False
0.63,2470,26.275303643724694,23.570660726665263,410,892,1302,0.31490015360983103,0.3611336032388664,False
0.6312978547811509,2470,26.639676113360323,23.851641849855344,413,871,1284,0.32165109034267914,0.3526315789473684,False
0.6330029627680778,2470,26.842105263157894,24.03009786742055,415,851,1266,0.3278041074249605,0.3445344129554656,False
0.6346420645713806,2470,26.923076923076923,24.075231794736947,412,833,1245,0.3309236947791165,0.337246963562753,False
0.636256268620491,2470,27.044534412955468,24.17186052663781,413,818,1231,0.33549959382615757,0.3311740890688259,False
0.6377428025007248,2470,27.206477732793523,24.26212757749327,411,797,1208,0.3402317880794702,0.32267206477732796,False
0.6394232976436615,2470,27.246963562753034,24.247708579167828,407,788,1195,0.34058577405857743,0.31902834008097164,False
0.64,2470,27.368421052631582,24.35865387497382,406,777,1183,0.3431952662721893,0.3145748987854251,False
0.6411276972293853,2470,27.28744939271255,24.233384057592485,401,770,1171,0.34244235695986336,0.3117408906882591,False
0.6428604260087013,2470,27.28744939271255,24.20993596505627,396,753,1149,0.34464751958224543,0.3048582995951417,False
0.6443817269802093,2470,27.368421052631582,24.248638056276395,394,739,1133,0.34774933804060015,0.2991902834008097,False
0.6459414410591126,2470,27.732793522267208,24.546415309653728,397,707,1104,0.3596014492753623,0.2862348178137652,False
0.6474304103851318,2470,27.93522267206478,24.698594610320825,392,684,1076,0.3643122676579926,0.27692307692307694,False
0.6492003655433655,2470,28.218623481781375,24.934203605116092,389,664,1053,0.3694207027540361,0.2688259109311741,False
0.65,2470,28.13765182186235,24.834011508847524,385,659,1044,0.36877394636015326,0.26680161943319836,False
0.6509070008993149,2470,28.259109311740893,24.94712571619011,385,651,1036,0.3716216216216216,0.2635627530364372,False
0.6530581060051918,2470,28.299595141700408,24.902996523110513,379,638,1017,0.3726647000983284,0.2582995951417004,False
0.6546641314029693,2470,28.17813765182186,24.753412517733484,373,625,998,0.37374749498997994,0.25303643724696356,False
0.6564230048656463,2470,28.097165991902834,24.647255347736017,367,613,980,0.37448979591836734,0.24817813765182187,False
0.6582942372560501,2470,28.34008097165992,24.840677180766615,368,595,963,0.3821391484942887,0.2408906882591093,False
0.66,2470,28.13765182186235,24.600825743770585,355,586,941,0.37725823591923485,0.23724696356275304,False
0.6604034975171089,2470,28.17813765182186,24.63251245541955,355,585,940,0.3776595744680851,0.23684210526315788,False
0.6621659278869629,2470,28.259109311740893,24.685374220244107,353,566,919,0.38411316648531013,0.2291497975708502,False
0.6640942257642746,2470,28.421052631578945,24.808637740161444,348,545,893,0.3896976483762598,0.22064777327935223,False
0.6662735402584076,2470,28.421052631578945,24.762558067314888,339,529,868,0.39055299539170507,0.21417004048582997,False
0.6685385113954544,2470,28.542510121457486,24.798190699048227,332,503,835,0.3976047904191617,0.20364372469635628,False
0.67,2470,28.704453441295545,24.900642371856428,330,489,819,0.40293040293040294,0.19797570850202428,False
0.6706978797912597,2470,28.704453441295545,24.881343776928805,329,482,811,0.40567200986436497,0.1951417004048583,False
0.6728367033600807,2470,28.74493927125506,24.858809335776606,318,459,777,0.4092664092664093,0.18582995951417003,False
0.6753841853141784,2470,29.02834008097166,25.03462064593333,308,426,734,0.4196185286103542,0.17246963562753037,False
0.6777614122629165,2470,28.90688259109312,24.879117409431267,295,411,706,0.4178470254957507,0.16639676113360324,False
0.68,2470,28.90688259109312,24.84725483896481,283,386,669,0.42301943198804187,0.1562753036437247,False
0.6802342081069945,2470,28.947368421052634,24.8795991772985,280,385,665,0.42105263157894735,0.15587044534412955,False
0.6825352579355239,2470,29.068825910931174,24.943657823608657,269,365,634,0.4242902208201893,0.14777327935222673,False
0.6850742936134339,2470,28.866396761133608,24.692944066177805,247,352,599,0.41235392320534225,0.14251012145748987,False
0.6875569018721581,2470,28.866396761133608,24.58103115266716,229,333,562,0.40747330960854095,0.13481781376518218,False
0.6900000000000001,2470,28.866396761133608,24.50851950119349,216,316,532,0.40601503759398494,0.12793522267206478,False
0.6900059294700621,2470,28.866396761133608,24.50851950119349,216,315,531,0.4067796610169492,0.12753036437246965,False
0.6927281737327575,2470,28.663967611336034,24.285852436465625,196,298,494,0.3967611336032389,0.12064777327935222,False
0.6951055556535721,2470,28.62348178137652,24.177815570199417,184,280,464,0.39655172413793105,0.11336032388663968,False
0.6980665373802186,2470,28.62348178137652,24.13567477206185,171,259,430,0.39767441860465114,0.1048582995951417,False
0.7000000000000001,2470,28.74493927125506,24.16420343614655,164,245,409,0.40097799511002447,0.09919028340080972,False
0.7014586162567139,2470,28.663967611336034,24.04235262183803,156,241,397,0.3929471032745592,0.09757085020242914,False
0.7052913883328438,2470,28.785425101214575,24.08904685332254,146,219,365,0.4,0.08866396761133603,False
0.7092328596115112,2470,29.1497975708502,24.347424659336564,141,192,333,0.42342342342342343,0.07773279352226721,False
0.71,2470,29.1497975708502,24.347254972915696,139,187,326,0.4263803680981595,0.0757085020242915,False
0.7132394954562187,2470,29.19028340080972,24.27047942527568,123,169,292,0.4212328767123288,0.06842105263157895,False
0.7183742785453796,2470,29.230769230769234,24.21064411949694,100,145,245,0.40816326530612246,0.058704453441295545,False
0.72,2470,29.47368421052631,24.38607396206409,98,133,231,0.42424242424242425,0.05384615384615385,False
0.7235336580872536,2470,29.554655870445345,24.433813993731256,89,104,193,0.46113989637305697,0.042105263157894736,False
0.7295384973287583,2470,29.838056680161944,24.53190772782455,75,67,142,0.528169014084507,0.027125506072874495,False
0.73,2470,29.91902834008097,24.602897188795918,76,64,140,0.5428571428571428,0.025910931174089068,False
0.7390312775969505,2470,30.080971659919026,24.61512849672305,49,33,82,0.5975609756097561,0.013360323886639677,False
0.74,2470,30.121457489878544,24.63974770062404,46,30,76,0.6052631578947368,0.012145748987854251,False
0.75,2470,30.04048582995951,24.485808357321545,23,14,37,0.6216216216216216,0.005668016194331984,False
0.76,2470,30.0,24.377201403593478,4,9,13,0.3076923076923077,0.0036437246963562753,False
0.77,2470,30.04048582995951,24.40361363184129,0,5,5,0.0,0.0020242914979757085,False
0.78,2470,30.04048582995951,24.40361363184129,0,4,4,0.0,0.0016194331983805667,False
0.79,2470,30.080971659919026,24.44270554191964,0,1,1,0.0,0.0004048582995951417,False
0.7929805517196655,2470,30.080971659919026,24.44270554191964,0,1,1,0.0,0.0004048582995951417,False
0.8,2470,30.121457489878544,24.480444297335346,0,0,0,,0.0,False
0.81,2470,30.121457489878544,24.480444297335346,0,0,0,,0.0,False
0.8200000000000001,2470,30.121457489878544,24.480444297335346,0,0,0,,0.0,False
0.8300000000000001,2470,30.121457489878544,24.480444297335346,0,0,0,,0.0,False
0.84,2470,30.121457489878544,24.480444297335346,0,0,0,,0.0,False
0.85,2470,30.121457489878544,24.480444297335346,0,0,0,,0.0,False
0.86,2470,30.121457489878544,24.480444297335346,0,0,0,,0.0,False
0.87,2470,30.121457489878544,24.480444297335346,0,0,0,,0.0,False
0.88,2470,30.121457489878544,24.480444297335346,0,0,0,,0.0,False
0.89,2470,30.121457489878544,24.480444297335346,0,0,0,,0.0,False
0.9,2470,30.121457489878544,24.480444297335346,0,0,0,,0.0,False
0.91,2470,30.121457489878544,24.480444297335346,0,0,0,,0.0,False
0.92,2470,30.121457489878544,24.480444297335346,0,0,0,,0.0,False
0.93,2470,30.121457489878544,24.480444297335346,0,0,0,,0.0,False
0.9400000000000001,2470,30.121457489878544,24.480444297335346,0,0,0,,0.0,False
0.9500000000000001,2470,30.121457489878544,24.480444297335346,0,0,0,,0.0,False
0.96,2470,30.121457489878544,24.480444297335346,0,0,0,,0.0,False
0.97,2470,30.121457489878544,24.480444297335346,0,0,0,,0.0,False
0.98,2470,30.121457489878544,24.480444297335346,0,0,0,,0.0,False
0.99,2470,30.121457489878544,24.480444297335346,0,0,0,,0.0,False
1.0,2470,30.121457489878544,24.480444297335346,0,0,0,,0.0,False
1.01,2470,30.121457489878544,24.480444297335346,0,0,0,,0.0,False
