run,phase,split,episodes,seconds,load_seconds,peak_vram_allocated_bytes,peak_vram_reserved_bytes
quick,navigation_rollout,val_seen,128,10.335482018999755,24.141139545012265,1633526784,2036334592
quick,navigation_rollout,val_unseen,128,8.119410034967586,16.036232706159353,1634010624,2036334592
full_baseline,navigation_rollout,train_seen,21877,1545.0256514609791,127.30789661500603,1643094016,2300575744
full_baseline,navigation_rollout,val_seen,2470,162.9230113630183,24.56693196017295,1637569536,2036334592
full_baseline,navigation_rollout,val_unseen,2697,171.67132523306645,16.042344249086455,1637984768,2036334592
quick_distance,navigation_rollout,val_seen,128,6.672658294904977,24.94445196306333,1633033216,2036334592
quick_distance,navigation_rollout,val_unseen,128,5.641291176900268,24.524866818916053,1633022976,2036334592
quick_head,navigation_rollout,val_seen,128,10.85613504704088,24.469526442000642,1633526784,2036334592
quick_head,navigation_rollout,val_unseen,128,8.11092615290545,16.276390665909275,1634010624,2036334592
full_head,navigation_rollout,val_seen,2470,163.67681969003752,23.807172626024112,1637569536,2036334592
full_head,navigation_rollout,val_unseen,2697,172.76922408305109,16.3987968089059,1637984768,2036334592
quick_joint,navigation_rollout,val_seen,128,10.362260675989091,24.013069722102955,1633575936,2036334592
quick_joint,navigation_rollout,val_unseen,128,7.962096638977528,16.616294646868482,1634059776,2036334592
quick_joint_head,navigation_rollout,val_seen,128,11.497361704939976,25.21425843006,1633575936,2036334592
quick_joint_head,navigation_rollout,val_unseen,128,9.104886310175061,15.587781024863943,1634059776,2036334592
full_joint_head,navigation_rollout,val_seen,2470,189.5192147619091,25.1133513469249,1637618688,2036334592
full_joint_head,navigation_rollout,val_unseen,2697,212.6474145730026,15.543315349146724,1638033920,2036334592
quick_joint_fixed05,navigation_rollout,val_seen,128,12.19146597594954,23.778415458044037,1633575936,2036334592
quick_joint_fixed05,navigation_rollout,val_unseen,128,9.973021080018952,15.628066759789363,1634059776,2036334592
full_joint_fixed05,navigation_rollout,val_seen,2470,180.480749073904,23.84846589504741,1637618688,2036334592
full_joint_fixed05,navigation_rollout,val_unseen,2697,196.0706904020626,15.71820178697817,1638033920,2036334592
full_joint,frozen_feature_extraction,train_seen,21877,925.3082070308737,,1604504064,2036334592
full_joint,frozen_feature_extraction,val_seen,2470,99.36750745610334,,1604504064,2036334592
full_joint,frozen_feature_extraction,val_unseen,2697,98.08360129990615,,1604504064,2036334592
full,arrival_head_fit,train_seen,21877,0.8760022479109466,,0,0
joint,arrival_head_fit,train_seen,21877,18.549815410980955,,2315589632,2336227328
